Season_Start_Year,Season,Team,Total_Market_Value_Millions
2010,2010-2011,Olympique Lyon,190.25
2010,2010-2011,Olympique Marseille,167.9
2010,2010-2011,LOSC Lille,127.4
2010,2010-2011,FC Girondins Bordeaux,123.65
2010,2010-2011,Stade Rennais FC,108.95
2010,2010-2011,Paris Saint-Germain,100.2
2010,2010-2011,FC Toulouse,80.63
2010,2010-2011,AS Monaco,75.4
2010,2010-2011,AS Saint-Étienne,72.05
2010,2010-2011,AJ Auxerre,66.15
2010,2010-2011,OGC Nice,63.5
2010,2010-2011,FC Lorient,62.75
2010,2010-2011,FC Sochaux-Montbéliard,60.1
2010,2010-2011,Valenciennes FC,57.45
2010,2010-2011,AS Nancy-Lorraine,52.65
2010,2010-2011,Montpellier HSC,51.35
2010,2010-2011,RC Lens,45.6
2010,2010-2011,SM Caen,36.1
2010,2010-2011,Stade Brestois 29,34.1
2010,2010-2011,AC Arles-Avignon,19.95
2011,2011-2012,Paris Saint-Germain,211.1
2011,2011-2012,Olympique Lyon,163.85
2011,2011-2012,Olympique Marseille,146.5
2011,2011-2012,LOSC Lille,145.35
2011,2011-2012,Stade Rennais FC,101.8
2011,2011-2012,Montpellier HSC,86.2
2011,2011-2012,AS Saint-Étienne,85.6
2011,2011-2012,FC Toulouse,83.05
2011,2011-2012,FC Girondins Bordeaux,82.05
2011,2011-2012,FC Sochaux-Montbéliard,58.8
2011,2011-2012,FC Lorient,54.05
2011,2011-2012,AS Nancy-Lorraine,53.9
2011,2011-2012,OGC Nice,52.45
2011,2011-2012,AJ Auxerre,50.9
2011,2011-2012,Valenciennes FC,44.5
2011,2011-2012,Stade Brestois 29,43.2
2011,2011-2012,Dijon FCO,36.8
2011,2011-2012,FC Évian Thonon Gaillard,32.9
2011,2011-2012,SM Caen,31.8
2011,2011-2012,AC Ajaccio,26.55
2012,2012-2013,Paris Saint-Germain,313.6
2012,2012-2013,Olympique Lyon,155.65
2012,2012-2013,Olympique Marseille,150.65
2012,2012-2013,LOSC Lille,114.6
2012,2012-2013,Stade Rennais FC,97.8
2012,2012-2013,AS Saint-Étienne,97.6
2012,2012-2013,FC Toulouse,82.0
2012,2012-2013,FC Girondins Bordeaux,80.95
2012,2012-2013,Montpellier HSC,78.7
2012,2012-2013,FC Lorient,63.75
2012,2012-2013,OGC Nice,59.15
2012,2012-2013,Valenciennes FC,49.75
2012,2012-2013,FC Sochaux-Montbéliard,46.85
2012,2012-2013,AS Nancy-Lorraine,36.85
2012,2012-2013,Stade Brestois 29,36.1
2012,2012-2013,SC Bastia,36.05
2012,2012-2013,FC Évian Thonon Gaillard,34.55
2012,2012-2013,AC Ajaccio,34.1
2012,2012-2013,Stade Reims,29.5
2012,2012-2013,ESTAC Troyes,21.8
2013,2013-2014,Paris Saint-Germain,402.3
2013,2013-2014,AS Monaco,242.55
2013,2013-2014,Olympique Marseille,141.3
2013,2013-2014,Olympique Lyon,108.5
2013,2013-2014,AS Saint-Étienne,105.4
2013,2013-2014,Stade Rennais FC,92.6
2013,2013-2014,LOSC Lille,74.1
2013,2013-2014,FC Toulouse,67.4
2013,2013-2014,FC Girondins Bordeaux,62.7
2013,2013-2014,FC Lorient,57.15
2013,2013-2014,OGC Nice,56.1
2013,2013-2014,Montpellier HSC,52.35
2013,2013-2014,FC Sochaux-Montbéliard,47.45
2013,2013-2014,FC Nantes,39.55
2013,2013-2014,Stade Reims,38.73
2013,2013-2014,Valenciennes FC,36.65
2013,2013-2014,SC Bastia,35.6
2013,2013-2014,FC Évian Thonon Gaillard,35.0
2013,2013-2014,AC Ajaccio,28.3
2013,2013-2014,EA Guingamp,21.43
2014,2014-2015,Paris Saint-Germain,363.9
2014,2014-2015,AS Monaco,187.7
2014,2014-2015,Olympique Lyon,144.65
2014,2014-2015,Olympique Marseille,139.7
2014,2014-2015,AS Saint-Étienne,83.35
2014,2014-2015,LOSC Lille,82.65
2014,2014-2015,FC Girondins Bordeaux,71.5
2014,2014-2015,Stade Rennais FC,66.0
2014,2014-2015,FC Lorient,59.95
2014,2014-2015,OGC Nice,56.25
2014,2014-2015,Montpellier HSC,51.95
2014,2014-2015,FC Toulouse,48.8
2014,2014-2015,FC Nantes,46.85
2014,2014-2015,Stade Reims,39.25
2014,2014-2015,EA Guingamp,36.25
2014,2014-2015,FC Évian Thonon Gaillard,36.15
2014,2014-2015,SC Bastia,34.25
2014,2014-2015,SM Caen,32.4
2014,2014-2015,FC Metz,29.85
2014,2014-2015,RC Lens,27.2
2015,2015-2016,Paris Saint-Germain,436.3
2015,2015-2016,AS Monaco,227.4
2015,2015-2016,Olympique Lyon,166.3
2015,2015-2016,Olympique Marseille,129.5
2015,2015-2016,AS Saint-Étienne,97.2
2015,2015-2016,Stade Rennais FC,94.15
2015,2015-2016,FC Girondins Bordeaux,90.7
2015,2015-2016,OGC Nice,70.95
2015,2015-2016,LOSC Lille,70.8
2015,2015-2016,FC Lorient,58.05
2015,2015-2016,Montpellier HSC,44.4
2015,2015-2016,Stade Reims,42.95
2015,2015-2016,FC Toulouse,42.9
2015,2015-2016,FC Nantes,39.3
2015,2015-2016,SM Caen,36.8
2015,2015-2016,EA Guingamp,33.5
2015,2015-2016,Angers SCO,32.35
2015,2015-2016,ESTAC Troyes,30.7
2015,2015-2016,SC Bastia,24.25
2015,2015-2016,GFC Ajaccio,18.4
2016,2016-2017,Paris Saint-Germain,519.0
2016,2016-2017,AS Monaco,309.55
2016,2016-2017,Olympique Lyon,211.35
2016,2016-2017,OGC Nice,132.8
2016,2016-2017,Olympique Marseille,119.65
2016,2016-2017,FC Girondins Bordeaux,88.9
2016,2016-2017,AS Saint-Étienne,85.03
2016,2016-2017,LOSC Lille,83.9
2016,2016-2017,Stade Rennais FC,80.9
2016,2016-2017,FC Toulouse,77.3
2016,2016-2017,FC Lorient,61.1
2016,2016-2017,Montpellier HSC,60.95
2016,2016-2017,FC Nantes,50.9
2016,2016-2017,Angers SCO,46.08
2016,2016-2017,EA Guingamp,42.5
2016,2016-2017,FC Metz,37.55
2016,2016-2017,SM Caen,36.65
2016,2016-2017,SC Bastia,36.45
2016,2016-2017,AS Nancy-Lorraine,33.1
2016,2016-2017,Dijon FCO,31.2
2017,2017-2018,Paris Saint-Germain,900.1
2017,2017-2018,AS Monaco,529.8
2017,2017-2018,Olympique Lyon,363.8
2017,2017-2018,Olympique Marseille,236.8
2017,2017-2018,OGC Nice,204.1
2017,2017-2018,FC Girondins Bordeaux,155.45
2017,2017-2018,Stade Rennais FC,131.25
2017,2017-2018,FC Toulouse,110.45
2017,2017-2018,AS Saint-Étienne,106.88
2017,2017-2018,FC Nantes,105.7
2017,2017-2018,LOSC Lille,96.75
2017,2017-2018,Montpellier HSC,71.85
2017,2017-2018,Dijon FCO,70.3
2017,2017-2018,Amiens SC,69.85
2017,2017-2018,Angers SCO,69.55
2017,2017-2018,SM Caen,60.1
2017,2017-2018,EA Guingamp,51.9
2017,2017-2018,FC Metz,51.2
2017,2017-2018,RC Strasbourg Alsace,45.6
2017,2017-2018,ESTAC Troyes,45.05
2018,2018-2019,Paris Saint-Germain,1010.0
2018,2018-2019,Olympique Lyon,467.95
2018,2018-2019,AS Monaco,385.83
2018,2018-2019,LOSC Lille,267.55
2018,2018-2019,Olympique Marseille,258.35
2018,2018-2019,OGC Nice,183.2
2018,2018-2019,FC Girondins Bordeaux,179.0
2018,2018-2019,Stade Rennais FC,168.45
2018,2018-2019,AS Saint-Étienne,131.25
2018,2018-2019,FC Nantes,119.5
2018,2018-2019,FC Toulouse,113.25
2018,2018-2019,Montpellier HSC,109.85
2018,2018-2019,RC Strasbourg Alsace,98.0
2018,2018-2019,Nîmes Olympique,88.15
2018,2018-2019,Stade Reims,86.95
2018,2018-2019,Angers SCO,79.7
2018,2018-2019,EA Guingamp,70.65
2018,2018-2019,Amiens SC,70.5
2018,2018-2019,SM Caen,67.55
2018,2018-2019,Dijon FCO,65.8
2019,2019-2020,Paris Saint-Germain,874.15
2019,2019-2020,Olympique Lyon,384.55
2019,2019-2020,AS Monaco,331.03
2019,2019-2020,LOSC Lille,247.78
2019,2019-2020,Olympique Marseille,216.15
2019,2019-2020,OGC Nice,173.45
2019,2019-2020,Stade Rennais FC,171.88
2019,2019-2020,FC Girondins Bordeaux,125.35
2019,2019-2020,FC Nantes,106.15
2019,2019-2020,AS Saint-Étienne,104.83
2019,2019-2020,RC Strasbourg Alsace,91.13
2019,2019-2020,Angers SCO,89.48
2019,2019-2020,Montpellier HSC,81.68
2019,2019-2020,Stade Reims,81.68
2019,2019-2020,FC Toulouse,71.88
2019,2019-2020,Amiens SC,61.93
2019,2019-2020,FC Metz,54.1
2019,2019-2020,Dijon FCO,50.23
2019,2019-2020,Nîmes Olympique,49.65
2019,2019-2020,Stade Brestois 29,47.78
2020,2020-2021,Paris Saint-Germain,805.0
2020,2020-2021,Olympique Lyon,431.35
2020,2020-2021,AS Monaco,370.35
2020,2020-2021,LOSC Lille,323.2
2020,2020-2021,Stade Rennais FC,297.5
2020,2020-2021,Olympique Marseille,247.95
2020,2020-2021,OGC Nice,236.1
2020,2020-2021,AS Saint-Étienne,154.5
2020,2020-2021,Montpellier HSC,113.85
2020,2020-2021,Angers SCO,111.65
2020,2020-2021,RC Strasbourg Alsace,109.65
2020,2020-2021,FC Girondins Bordeaux,105.7
2020,2020-2021,Stade Reims,105.18
2020,2020-2021,RC Lens,104.3
2020,2020-2021,FC Metz,103.5
2020,2020-2021,Stade Brestois 29,103.23
2020,2020-2021,FC Nantes,94.75
2020,2020-2021,FC Lorient,72.88
2020,2020-2021,Dijon FCO,65.63
2020,2020-2021,Nîmes Olympique,60.4
2021,2021-2022,Paris Saint-Germain,875.15
2021,2021-2022,Olympique Lyon,397.7
2021,2021-2022,AS Monaco,396.0
2021,2021-2022,LOSC Lille,306.88
2021,2021-2022,Stade Rennais FC,305.35
2021,2021-2022,Olympique Marseille,284.7
2021,2021-2022,OGC Nice,266.05
2021,2021-2022,RC Lens,154.05
2021,2021-2022,Stade Reims,149.4
2021,2021-2022,Montpellier HSC,144.6
2021,2021-2022,RC Strasbourg Alsace,120.05
2021,2021-2022,FC Girondins Bordeaux,116.85
2021,2021-2022,FC Nantes,112.65
2021,2021-2022,AS Saint-Étienne,105.65
2021,2021-2022,Stade Brestois 29,103.15
2021,2021-2022,FC Metz,91.05
2021,2021-2022,Angers SCO,89.5
2021,2021-2022,ESTAC Troyes,73.2
2021,2021-2022,FC Lorient,61.3
2021,2021-2022,Clermont Foot 63,55.1
2022,2022-2023,Paris Saint-Germain,891.1
2022,2022-2023,Stade Rennais FC,387.75
2022,2022-2023,AS Monaco,368.3
2022,2022-2023,Olympique Lyon,350.95
2022,2022-2023,Olympique Marseille,331.55
2022,2022-2023,OGC Nice,310.8
2022,2022-2023,LOSC Lille,247.95
2022,2022-2023,RC Lens,238.2
2022,2022-2023,FC Lorient,175.45
2022,2022-2023,Stade Reims,159.05
2022,2022-2023,Montpellier HSC,142.9
2022,2022-2023,RC Strasbourg Alsace,123.55
2022,2022-2023,FC Nantes,119.28
2022,2022-2023,FC Toulouse,104.8
2022,2022-2023,Stade Brestois 29,76.65
2022,2022-2023,ESTAC Troyes,76.3
2022,2022-2023,Angers SCO,71.8
2022,2022-2023,AJ Auxerre,54.8
2022,2022-2023,Clermont Foot 63,48.0
2022,2022-2023,AC Ajaccio,27.0
2023,2023-2024,Paris Saint-Germain,1020.0
2023,2023-2024,AS Monaco,398.55
2023,2023-2024,Stade Rennais FC,375.35
2023,2023-2024,LOSC Lille,328.9
2023,2023-2024,Olympique Marseille,311.4
2023,2023-2024,Olympique Lyon,305.95
2023,2023-2024,OGC Nice,268.78
2023,2023-2024,RC Lens,205.6
2023,2023-2024,RC Strasbourg Alsace,157.7
2023,2023-2024,Montpellier HSC,145.58
2023,2023-2024,FC Toulouse,145.2
2023,2023-2024,Stade Reims,134.55
2023,2023-2024,FC Lorient,131.85
2023,2023-2024,FC Nantes,125.9
2023,2023-2024,Stade Brestois 29,115.15
2023,2023-2024,Le Havre AC,72.5
2023,2023-2024,FC Metz,65.4
2023,2023-2024,Clermont Foot 63,61.35
