Season,Team,Rank,Points,Strength_Rank_Based,Pythagorean_Exp,Avg_Goals_Scored,Avg_Goals_Conceded,Home_Dependency
2010-2011,Lille,1,76,0.9523809523809523,0.7810810810810811,1.7894736842105263,0.9473684210526315,0.5789473684210527
2010-2011,Marseille,2,68,0.9047619047619048,0.7164958061509785,1.631578947368421,1.0263157894736843,0.5441176470588235
2010-2011,Lyon,3,64,0.8571428571428572,0.6993046419845894,1.605263157894737,1.0526315789473684,0.625
2010-2011,Paris SG,4,60,0.8095238095238095,0.651027610545983,1.4736842105263157,1.0789473684210527,0.5833333333333334
2010-2011,Sochaux,5,58,0.7619047619047619,0.6606716828775923,1.5789473684210527,1.131578947368421,0.6896551724137931
2010-2011,Rennes,6,56,0.7142857142857143,0.5410266017234919,1.0,0.9210526315789473,0.5892857142857143
2010-2011,Bordeaux,7,51,0.6666666666666667,0.5117630777747024,1.131578947368421,1.105263157894737,0.5882352941176471
2010-2011,Toulouse,8,50,0.6190476190476191,0.527007299270073,1.0,0.9473684210526315,0.56
2010-2011,Auxerre,9,49,0.5714285714285714,0.5464112250404749,1.1842105263157894,1.0789473684210527,0.5714285714285714
2010-2011,Lorient,10,49,0.5238095238095238,0.47873303167420816,1.2105263157894737,1.263157894736842,0.6530612244897959
2010-2011,St Etienne,11,49,0.47619047619047616,0.4892485549132948,1.2105263157894737,1.236842105263158,0.5714285714285714
2010-2011,Nancy,12,48,0.4285714285714286,0.4452203226583193,1.131578947368421,1.263157894736842,0.5625
2010-2011,Valenciennes,13,48,0.38095238095238093,0.5464112250404749,1.1842105263157894,1.0789473684210527,0.6875
2010-2011,Montpellier,14,47,0.33333333333333337,0.35642185868430215,0.8421052631578947,1.131578947368421,0.5531914893617021
2010-2011,Brest,15,46,0.2857142857142857,0.4120826709062003,0.9473684210526315,1.131578947368421,0.5869565217391305
2010-2011,Caen,16,46,0.23809523809523814,0.44859020563917745,1.2105263157894737,1.3421052631578947,0.5434782608695652
2010-2011,Nice,17,46,0.19047619047619047,0.3209549071618037,0.868421052631579,1.263157894736842,0.6956521739130435
2010-2011,Monaco,18,44,0.1428571428571429,0.44751381215469616,0.9473684210526315,1.0526315789473684,0.5454545454545454
2010-2011,Lens,19,35,0.09523809523809523,0.2669426890390063,0.9210526315789473,1.5263157894736843,0.5714285714285714
2010-2011,Arles,20,20,0.04761904761904767,0.08256880733944955,0.5526315789473685,1.8421052631578947,0.6
2011-2012,Montpellier,1,82,0.9523809523809523,0.8,1.7894736842105263,0.8947368421052632,0.6097560975609756
2011-2012,Paris SG,2,79,0.9047619047619048,0.7699151382425404,1.9736842105263157,1.0789473684210527,0.569620253164557
2011-2012,Lille,3,74,0.8571428571428572,0.7731543624161074,1.894736842105263,1.0263157894736843,0.5540540540540541
2011-2012,Lyon,4,64,0.8095238095238095,0.6116171420038823,1.6842105263157894,1.3421052631578947,0.65625
2011-2012,Bordeaux,5,61,0.7619047619047619,0.6256124721603563,1.394736842105263,1.0789473684210527,0.5737704918032787
2011-2012,Rennes,6,60,0.7142857142857143,0.5919915700737619,1.394736842105263,1.1578947368421053,0.5333333333333333
2011-2012,St Etienne,7,57,0.6666666666666667,0.5424762765476728,1.2894736842105263,1.1842105263157894,0.543859649122807
2011-2012,Toulouse,8,56,0.6190476190476191,0.5421782178217822,0.9736842105263158,0.8947368421052632,0.625
2011-2012,Evian Thonon Gaillard,9,50,0.5714285714285714,0.4908264601918869,1.4210526315789473,1.4473684210526316,0.58
2011-2012,Marseille,10,48,0.5238095238095238,0.5464112250404749,1.1842105263157894,1.0789473684210527,0.6458333333333334
2011-2012,Nancy,11,45,0.47619047619047616,0.3852721451440768,1.0,1.263157894736842,0.6
2011-2012,Valenciennes,12,43,0.4285714285714286,0.3902439024390244,1.0526315789473684,1.3157894736842106,0.8372093023255814
2011-2012,Nice,13,42,0.38095238095238093,0.41820181468243056,1.0263157894736843,1.2105263157894737,0.6904761904761905
2011-2012,Sochaux,14,42,0.33333333333333337,0.3076923076923077,1.0526315789473684,1.5789473684210527,0.6666666666666666
2011-2012,Ajaccio,15,41,0.2857142857142857,0.30069535801541064,1.0526315789473684,1.605263157894737,0.6341463414634146
2011-2012,Brest,16,41,0.23809523809523814,0.3995841995841996,0.8157894736842105,1.0,0.7073170731707317
2011-2012,Lorient,17,39,0.19047619047619047,0.33783783783783783,0.9210526315789473,1.2894736842105263,0.7692307692307693
2011-2012,Caen,18,38,0.1428571428571429,0.304078368652539,1.0263157894736843,1.5526315789473684,0.6052631578947368
2011-2012,Dijon,19,36,0.09523809523809523,0.26676519490116385,1.0,1.6578947368421053,0.6111111111111112
2011-2012,Auxerre,20,34,0.04761904761904767,0.394408201304753,1.2105263157894737,1.5,0.7058823529411765
2012-2013,Paris SG,1,83,0.9523809523809523,0.9,1.8157894736842106,0.6052631578947368,0.5180722891566265
2012-2013,Marseille,2,71,0.9047619047619048,0.5764705882352941,1.105263157894737,0.9473684210526315,0.5633802816901409
2012-2013,Lyon,3,67,0.8571428571428572,0.7204259438528557,1.605263157894737,1.0,0.5522388059701493
2012-2013,Nice,4,64,0.8095238095238095,0.6055917986952469,1.5,1.2105263157894737,0.59375
2012-2013,St Etienne,5,63,0.7619047619047619,0.7785467128027682,1.5789473684210527,0.8421052631578947,0.5873015873015873
2012-2013,Lille,6,62,0.7142857142857143,0.6851013580003936,1.5526315789473684,1.0526315789473684,0.5483870967741935
2012-2013,Bordeaux,7,55,0.6666666666666667,0.5805515239477503,1.0526315789473684,0.8947368421052632,0.5818181818181818
2012-2013,Lorient,8,53,0.6190476190476191,0.49130500529260546,1.5,1.5263157894736843,0.6792452830188679
2012-2013,Montpellier,9,52,0.5714285714285714,0.5285481239804242,1.4210526315789473,1.3421052631578947,0.7307692307692307
2012-2013,Toulouse,10,51,0.5238095238095238,0.520824295010846,1.2894736842105263,1.236842105263158,0.5490196078431373
2012-2013,Valenciennes,11,48,0.47619047619047616,0.46084452975047985,1.2894736842105263,1.394736842105263,0.6875
2012-2013,Bastia,12,47,0.4285714285714286,0.3646441073512252,1.3157894736842106,1.736842105263158,0.6382978723404256
2012-2013,Rennes,13,46,0.38095238095238093,0.3982713915298185,1.263157894736842,1.5526315789473684,0.5
2012-2013,Reims,14,43,0.33333333333333337,0.38170347003154576,0.868421052631579,1.105263157894737,0.7209302325581395
2012-2013,Ajaccio,15,42,0.2857142857142857,0.36899563318777295,1.0263157894736843,1.3421052631578947,0.6190476190476191
2012-2013,Sochaux,16,41,0.23809523809523814,0.340973630831643,1.0789473684210527,1.5,0.5609756097560976
2012-2013,Evian Thonon Gaillard,17,40,0.19047619047619047,0.4296446700507614,1.2105263157894737,1.394736842105263,0.625
2012-2013,Nancy,18,38,0.1428571428571429,0.3003327787021631,1.0,1.5263157894736843,0.5263157894736842
2012-2013,Troyes,19,37,0.09523809523809523,0.3319569120287253,1.131578947368421,1.605263157894737,0.7027027027027027
2012-2013,Brest,20,29,0.04761904761904767,0.21035332785538208,0.8421052631578947,1.631578947368421,0.6206896551724138
2013-2014,Paris SG,1,89,0.9523809523809523,0.9302570863546473,2.210526315789474,0.6052631578947368,0.5393258426966292
2013-2014,Monaco,2,80,0.9047619047619048,0.8050709939148073,1.6578947368421053,0.8157894736842105,0.525
2013-2014,Lille,3,71,0.8571428571428572,0.7578796561604585,1.2105263157894737,0.6842105263157895,0.5915492957746479
2013-2014,St Etienne,4,69,0.8095238095238095,0.7306616961789375,1.4736842105263157,0.8947368421052632,0.5942028985507246
2013-2014,Lyon,5,61,0.7619047619047619,0.6182965299684543,1.4736842105263157,1.1578947368421053,0.5081967213114754
2013-2014,Marseille,6,60,0.7142857142857143,0.6371059197096848,1.394736842105263,1.0526315789473684,0.55
2013-2014,Bordeaux,7,53,0.6666666666666667,0.5649411764705883,1.2894736842105263,1.131578947368421,0.6415094339622641
2013-2014,Lorient,8,49,0.6190476190476191,0.4506160766673186,1.263157894736842,1.394736842105263,0.6326530612244898
2013-2014,Nantes,9,49,0.5714285714285714,0.4639025804581038,1.0526315789473684,1.131578947368421,0.5714285714285714
2013-2014,Toulouse,10,49,0.5238095238095238,0.4296446700507614,1.2105263157894737,1.394736842105263,0.4897959183673469
2013-2014,Reims,11,48,0.47619047619047616,0.41724137931034483,1.1578947368421053,1.368421052631579,0.5625
2013-2014,Bastia,12,46,0.4285714285714286,0.34399375975039004,1.105263157894737,1.5263157894736843,0.7608695652173914
2013-2014,Rennes,13,46,0.38095238095238093,0.5217288615965989,1.236842105263158,1.1842105263157894,0.5
2013-2014,Evian Thonon Gaillard,14,44,0.33333333333333337,0.36899563318777295,1.0263157894736843,1.3421052631578947,0.6136363636363636
2013-2014,Guingamp,15,42,0.2857142857142857,0.3958904109589041,0.8947368421052632,1.105263157894737,0.6666666666666666
2013-2014,Montpellier,16,42,0.23809523809523814,0.41890773686388083,1.1842105263157894,1.394736842105263,0.5714285714285714
2013-2014,Nice,17,42,0.19047619047619047,0.31734837799717913,0.7894736842105263,1.1578947368421053,0.7619047619047619
2013-2014,Sochaux,18,40,0.1428571428571429,0.268958742632613,0.9736842105263158,1.605263157894737,0.75
2013-2014,Valenciennes,19,29,0.09523809523809523,0.24472649267071864,0.9736842105263158,1.7105263157894737,0.5862068965517241
2013-2014,Ajaccio,20,23,0.04761904761904767,0.20891194872577445,0.9736842105263158,1.894736842105263,0.6521739130434783
2014-2015,Paris SG,1,83,0.9523809523809523,0.8416615760537569,2.1842105263157894,0.9473684210526315,0.5903614457831325
2014-2015,Lyon,2,75,0.9047619047619048,0.8263988522238164,1.894736842105263,0.868421052631579,0.6
2014-2015,Monaco,3,71,0.8571428571428572,0.7937137625877326,1.3421052631578947,0.6842105263157895,0.4647887323943662
2014-2015,Marseille,4,69,0.8095238095238095,0.7660477453580902,2.0,1.105263157894737,0.5942028985507246
2014-2015,St Etienne,5,69,0.7619047619047619,0.7429305912596401,1.3421052631578947,0.7894736842105263,0.5942028985507246
2014-2015,Bordeaux,6,63,0.7142857142857143,0.5329312424607962,1.236842105263158,1.1578947368421053,0.6507936507936508
2014-2015,Lille,7,56,0.6666666666666667,0.5117630777747024,1.131578947368421,1.105263157894737,0.6785714285714286
2014-2015,Montpellier,8,56,0.6190476190476191,0.5817981853175694,1.2105263157894737,1.0263157894736843,0.625
2014-2015,Rennes,9,50,0.5714285714285714,0.4098360655737705,0.9210526315789473,1.105263157894737,0.58
2014-2015,Guingamp,10,49,0.5238095238095238,0.35720356991075225,1.0789473684210527,1.4473684210526316,0.5714285714285714
2014-2015,Nice,11,48,0.47619047619047616,0.40800842992623815,1.1578947368421053,1.394736842105263,0.5
2014-2015,Bastia,12,47,0.4285714285714286,0.3928263988522238,0.9736842105263158,1.2105263157894737,0.6595744680851063
2014-2015,Caen,13,46,0.38095238095238093,0.4908264601918869,1.4210526315789473,1.4473684210526316,0.5217391304347826
2014-2015,Nantes,14,45,0.33333333333333337,0.3445309299467431,0.7631578947368421,1.0526315789473684,0.6222222222222222
2014-2015,Reims,15,44,0.2857142857142857,0.3364813404417365,1.236842105263158,1.736842105263158,0.6136363636363636
2014-2015,Lorient,16,43,0.23809523809523814,0.436429215509468,1.1578947368421053,1.3157894736842106,0.5348837209302325
2014-2015,Toulouse,17,42,0.19047619047619047,0.3110176619007569,1.131578947368421,1.6842105263157894,0.7142857142857143
2014-2015,Evian Thonon Gaillard,18,37,0.1428571428571429,0.30425339366515836,1.0789473684210527,1.631578947368421,0.6216216216216216
2014-2015,Metz,19,30,0.09523809523809523,0.2052541648868005,0.8157894736842105,1.605263157894737,0.7333333333333333
2014-2015,Lens,20,29,0.04761904761904767,0.21580611169652267,0.8421052631578947,1.605263157894737,0.6551724137931034
2015-2016,Paris SG,1,96,0.9523809523809523,0.9664653971202972,2.6842105263157894,0.5,0.5
2015-2016,Lyon,2,65,0.9047619047619048,0.7082675923004103,1.763157894736842,1.131578947368421,0.6153846153846154
2015-2016,Monaco,3,65,0.8571428571428572,0.5651417637850061,1.5,1.3157894736842106,0.5538461538461539
2015-2016,Nice,4,63,0.8095238095238095,0.666798810703667,1.5263157894736843,1.0789473684210527,0.6031746031746031
2015-2016,Lille,5,60,0.7619047619047619,0.676,1.0263157894736843,0.7105263157894737,0.55
2015-2016,St Etienne,6,58,0.7142857142857143,0.5630386211299074,1.105263157894737,0.9736842105263158,0.5862068965517241
2015-2016,Caen,7,54,0.6666666666666667,0.36,1.0263157894736843,1.368421052631579,0.5555555555555556
2015-2016,Rennes,8,52,0.6190476190476191,0.4811387900355872,1.368421052631579,1.4210526315789473,0.4807692307692308
2015-2016,Angers,9,50,0.5714285714285714,0.5256241787122208,1.0526315789473684,1.0,0.52
2015-2016,Bastia,10,50,0.5238095238095238,0.4235294117647059,0.9473684210526315,1.105263157894737,0.7
2015-2016,Bordeaux,11,50,0.47619047619047616,0.4348582362149939,1.3157894736842106,1.5,0.62
2015-2016,Montpellier,12,49,0.4285714285714286,0.520824295010846,1.2894736842105263,1.236842105263158,0.5510204081632653
2015-2016,Marseille,13,48,0.38095238095238093,0.5663716814159292,1.263157894736842,1.105263157894737,0.4166666666666667
2015-2016,Nantes,14,48,0.33333333333333337,0.36,0.868421052631579,1.1578947368421053,0.6041666666666666
2015-2016,Lorient,15,46,0.2857142857142857,0.3963753813027095,1.236842105263158,1.5263157894736843,0.6086956521739131
2015-2016,Guingamp,16,44,0.23809523809523814,0.41328344246959775,1.236842105263158,1.4736842105263157,0.5681818181818182
2015-2016,Toulouse,17,40,0.19047619047619047,0.400990099009901,1.1842105263157894,1.4473684210526316,0.625
2015-2016,Reims,18,39,0.1428571428571429,0.3733847637415622,1.1578947368421053,1.5,0.6666666666666666
2015-2016,Ajaccio GFCO,19,37,0.09523809523809523,0.2892457215296852,0.9736842105263158,1.5263157894736843,0.5945945945945946
2015-2016,Troyes,20,18,0.04761904761904767,0.10217646292193405,0.7368421052631579,2.1842105263157894,0.5555555555555556
2016-2017,Monaco,1,95,0.9523809523809523,0.9225624496373892,2.8157894736842106,0.8157894736842105,0.5473684210526316
2016-2017,Paris SG,2,87,0.9047619047619048,0.9043055920189026,2.1842105263157894,0.7105263157894737,0.5172413793103449
2016-2017,Nice,3,78,0.8571428571428572,0.7538461538461538,1.6578947368421053,0.9473684210526315,0.5897435897435898
2016-2017,Lyon,4,67,0.8095238095238095,0.7352941176470589,2.1052631578947367,1.263157894736842,0.5522388059701493
2016-2017,Marseille,5,62,0.7619047619047619,0.659026369168357,1.5,1.0789473684210527,0.6935483870967742
2016-2017,Bordeaux,6,59,0.7142857142857143,0.603048518677544,1.394736842105263,1.131578947368421,0.559322033898305
2016-2017,Nantes,7,51,0.6666666666666667,0.354295837023915,1.0526315789473684,1.4210526315789473,0.5490196078431373
2016-2017,Guingamp,8,50,0.6190476190476191,0.4296446700507614,1.2105263157894737,1.394736842105263,0.78
2016-2017,Rennes,9,50,0.5714285714285714,0.4235294117647059,0.9473684210526315,1.105263157894737,0.72
2016-2017,St Etienne,10,50,0.5238095238095238,0.4879535558780842,1.0789473684210527,1.105263157894737,0.6
2016-2017,Angers,11,46,0.47619047619047616,0.39990002499375155,1.0526315789473684,1.2894736842105263,0.6304347826086957
2016-2017,Lille,12,46,0.4285714285714286,0.420057757941717,1.0526315789473684,1.236842105263158,0.5217391304347826
2016-2017,Toulouse,13,44,0.38095238095238093,0.4488524590163934,0.9736842105263158,1.0789473684210527,0.6818181818181818
2016-2017,Metz,14,43,0.33333333333333337,0.22684563758389262,1.0263157894736843,1.894736842105263,0.6511627906976745
2016-2017,Montpellier,15,39,0.2857142857142857,0.34594594594594597,1.263157894736842,1.736842105263158,0.7435897435897436
2016-2017,Caen,16,37,0.23809523809523814,0.23474008331823945,0.9473684210526315,1.7105263157894737,0.6216216216216216
2016-2017,Dijon,17,37,0.19047619047619047,0.3861313868613139,1.2105263157894737,1.5263157894736843,0.7297297297297297
2016-2017,Lorient,18,36,0.1428571428571429,0.2832065535400819,1.1578947368421053,1.8421052631578947,0.6944444444444444
2016-2017,Nancy,19,35,0.09523809523809523,0.2372355430183357,0.7631578947368421,1.368421052631579,0.6857142857142857
2016-2017,Bastia,20,34,0.04761904761904767,0.20562347188264057,0.7631578947368421,1.5,0.7058823529411765
2017-2018,Paris SG,1,93,0.9523809523809523,0.9327469012395042,2.8421052631578947,0.7631578947368421,0.5591397849462365
2017-2018,Monaco,2,80,0.9047619047619048,0.7810810810810811,2.236842105263158,1.1842105263157894,0.6
2017-2018,Lyon,3,78,0.8571428571428572,0.8036738160968359,2.289473684210526,1.131578947368421,0.5256410256410257
2017-2018,Marseille,4,77,0.8095238095238095,0.7434080613311651,2.1052631578947367,1.236842105263158,0.5324675324675324
2017-2018,Rennes,5,58,0.7619047619047619,0.563570784490532,1.3157894736842106,1.1578947368421053,0.4827586206896552
2017-2018,Bordeaux,6,55,0.7142857142857143,0.5493839233326814,1.394736842105263,1.263157894736842,0.5636363636363636
2017-2018,St Etienne,7,55,0.6666666666666667,0.46910172011042683,1.236842105263158,1.3157894736842106,0.5636363636363636
2017-2018,Nice,8,54,0.6190476190476191,0.5095229457645565,1.394736842105263,1.368421052631579,0.6111111111111112
2017-2018,Nantes,9,52,0.5714285714285714,0.43533758817601614,0.9473684210526315,1.0789473684210527,0.5384615384615384
2017-2018,Montpellier,10,51,0.5238095238095238,0.5433962264150943,0.9473684210526315,0.868421052631579,0.47058823529411764
2017-2018,Dijon,11,48,0.47619047619047616,0.3621019870720613,1.4473684210526316,1.9210526315789473,0.75
2017-2018,Guingamp,12,47,0.4285714285714286,0.3982713915298185,1.263157894736842,1.5526315789473684,0.6595744680851063
2017-2018,Amiens,13,45,0.38095238095238093,0.43696137887009256,0.9736842105263158,1.105263157894737,0.6444444444444445
2017-2018,Angers,14,41,0.33333333333333337,0.39480752014324083,1.105263157894737,1.368421052631579,0.5365853658536586
2017-2018,Caen,15,38,0.2857142857142857,0.21235071366152053,0.7105263157894737,1.368421052631579,0.6842105263157895
2017-2018,Lille,16,38,0.23809523809523814,0.27244732576985414,1.0789473684210527,1.763157894736842,0.631578947368421
2017-2018,Strasbourg,17,38,0.19047619047619047,0.3013229571984436,1.1578947368421053,1.763157894736842,0.7105263157894737
2017-2018,Toulouse,18,37,0.1428571428571429,0.3311926605504587,1.0,1.4210526315789473,0.7027027027027027
2017-2018,Troyes,19,33,0.09523809523809523,0.22730299667036627,0.8421052631578947,1.5526315789473684,0.7272727272727273
2017-2018,Metz,20,26,0.04761904761904767,0.16676283900750144,0.8947368421052632,2.0,0.5
2018-2019,Paris SG,1,91,0.9523809523809523,0.9,2.763157894736842,0.9210526315789473,0.5824175824175825
2018-2019,Lille,2,75,0.9047619047619048,0.8093821109749694,1.7894736842105263,0.868421052631579,0.5733333333333334
2018-2019,Lyon,3,72,0.8571428571428572,0.6892671261780842,1.8421052631578947,1.236842105263158,0.5555555555555556
2018-2019,St Etienne,4,66,0.8095238095238095,0.6743510267338241,1.5526315789473684,1.0789473684210527,0.6212121212121212
2018-2019,Marseille,5,61,0.7619047619047619,0.5710659898477157,1.5789473684210527,1.368421052631579,0.6065573770491803
2018-2019,Montpellier,6,59,0.7142857142857143,0.6142575989503608,1.394736842105263,1.105263157894737,0.5423728813559322
2018-2019,Nice,7,56,0.6666666666666667,0.4235294117647059,0.7894736842105263,0.9210526315789473,0.6071428571428571
2018-2019,Reims,8,55,0.6190476190476191,0.46301369863013697,1.0263157894736843,1.105263157894737,0.5636363636363636
2018-2019,Nimes,9,53,0.5714285714285714,0.49130500529260546,1.5,1.5263157894736843,0.6037735849056604
2018-2019,Rennes,10,52,0.5238095238095238,0.5280153604468494,1.4473684210526316,1.368421052631579,0.5961538461538461
2018-2019,Strasbourg,11,49,0.47619047619047616,0.5935074100211715,1.5263157894736843,1.263157894736842,0.5306122448979592
2018-2019,Nantes,12,48,0.4285714285714286,0.5,1.263157894736842,1.263157894736842,0.6458333333333334
2018-2019,Angers,13,46,0.38095238095238093,0.4463915148720314,1.1578947368421053,1.2894736842105263,0.5217391304347826
2018-2019,Bordeaux,14,41,0.33333333333333337,0.3958904109589041,0.8947368421052632,1.105263157894737,0.6585365853658537
2018-2019,Amiens,15,38,0.2857142857142857,0.2622100954979536,0.8157894736842105,1.368421052631579,0.6842105263157895
2018-2019,Toulouse,16,38,0.23809523809523814,0.27380420205632544,0.9210526315789473,1.5,0.5526315789473685
2018-2019,Monaco,17,36,0.19047619047619047,0.3076923076923077,1.0,1.5,0.5
2018-2019,Dijon,18,34,0.1428571428571429,0.21069940802455603,0.8157894736842105,1.5789473684210527,0.6470588235294118
2018-2019,Caen,19,33,0.09523809523809523,0.22384881554431726,0.7631578947368421,1.4210526315789473,0.5151515151515151
2018-2019,Guingamp,20,27,0.04761904761904767,0.14497041420118342,0.7368421052631579,1.7894736842105263,0.5925925925925926
2019-2020,Paris SG,1,68,0.9523809523809523,0.9071117561683599,2.7777777777777777,0.8888888888888888,0.5441176470588235
2019-2020,Marseille,2,56,0.9047619047619048,0.6665344964314036,1.4642857142857142,1.0357142857142858,0.5
2019-2020,Rennes,3,50,0.8571428571428572,0.7148514851485148,1.3571428571428572,0.8571428571428571,0.58
2019-2020,Lille,4,49,0.8095238095238095,0.6269191402251791,1.25,0.9642857142857143,0.7142857142857143
2019-2020,Nice,5,41,0.7619047619047619,0.53792,1.4642857142857142,1.3571428571428572,0.6829268292682927
2019-2020,Reims,6,41,0.7142857142857143,0.6051924798567592,0.9285714285714286,0.75,0.5365853658536586
2019-2020,Lyon,7,40,0.6666666666666667,0.7075812274368231,1.5,0.9642857142857143,0.475
2019-2020,Monaco,8,40,0.6190476190476191,0.5,1.5714285714285714,1.5714285714285714,0.65
2019-2020,Montpellier,9,40,0.5714285714285714,0.5144897102057959,1.25,1.2142857142857142,0.8
2019-2020,Angers,10,39,0.5238095238095238,0.41857981847303793,1.0,1.1785714285714286,0.6923076923076923
2019-2020,Strasbourg,11,38,0.47619047619047616,0.5,1.1851851851851851,1.1851851851851851,0.631578947368421
2019-2020,Bordeaux,12,37,0.4285714285714286,0.5805515239477503,1.4285714285714286,1.2142857142857142,0.4594594594594595
2019-2020,Nantes,13,37,0.38095238095238093,0.4492836676217765,1.0,1.1071428571428572,0.5405405405405406
2019-2020,Brest,14,34,0.33333333333333337,0.45782178217821784,1.2142857142857142,1.3214285714285714,0.7058823529411765
2019-2020,Metz,15,34,0.2857142857142857,0.37308085977482086,0.9642857142857143,1.25,0.5588235294117647
2019-2020,Dijon,16,30,0.23809523809523814,0.3474737845567207,0.9642857142857143,1.3214285714285714,0.8
2019-2020,St Etienne,17,30,0.19047619047619047,0.293440334961619,1.0357142857142858,1.6071428571428572,0.6
2019-2020,Nimes,18,27,0.1428571428571429,0.30284479654303204,1.0357142857142858,1.5714285714285714,0.7407407407407407
2019-2020,Amiens,19,23,0.09523809523809523,0.277665414620052,1.1071428571428572,1.7857142857142858,0.6086956521739131
2019-2020,Toulouse,20,13,0.04761904761904767,0.1257796257796258,0.7857142857142857,2.0714285714285716,0.6923076923076923
2020-2021,Lille,1,83,0.9523809523809523,0.8856216216216216,1.6842105263157894,0.6052631578947368,0.4457831325301205
2020-2021,Paris SG,2,82,0.9047619047619048,0.9041564792176039,2.263157894736842,0.7368421052631579,0.4878048780487805
2020-2021,Monaco,3,78,0.8571428571428572,0.7660477453580902,2.0,1.105263157894737,0.5256410256410257
2020-2021,Lyon,4,76,0.8095238095238095,0.7801426872770512,2.1315789473684212,1.131578947368421,0.47368421052631576
2020-2021,Marseille,5,60,0.7619047619047619,0.5689756097560975,1.4210526315789473,1.236842105263158,0.5833333333333334
2020-2021,Rennes,6,58,0.7142857142857143,0.6282527881040892,1.368421052631579,1.0526315789473684,0.5344827586206896
2020-2021,Lens,7,57,0.6666666666666667,0.5091735398081131,1.4473684210526316,1.4210526315789473,0.49122807017543857
2020-2021,Montpellier,8,54,0.6190476190476191,0.4836109618484686,1.5789473684210527,1.631578947368421,0.46296296296296297
2020-2021,Nice,9,52,0.5714285714285714,0.4708984742889433,1.3157894736842106,1.394736842105263,0.46153846153846156
2020-2021,Metz,10,47,0.5238095238095238,0.45660377358490567,1.1578947368421053,1.263157894736842,0.425531914893617
2020-2021,St Etienne,11,46,0.47619047619047616,0.3769230769230769,1.105263157894737,1.4210526315789473,0.45652173913043476
2020-2021,Bordeaux,12,45,0.4285714285714286,0.36,1.105263157894737,1.4736842105263157,0.5555555555555556
2020-2021,Angers,13,44,0.38095238095238093,0.32232070910556004,1.0526315789473684,1.5263157894736843,0.4772727272727273
2020-2021,Lorient,14,42,0.33333333333333337,0.35092644581695676,1.3157894736842106,1.7894736842105263,0.7619047619047619
2020-2021,Reims,15,42,0.2857142857142857,0.41369606003752346,1.105263157894737,1.3157894736842106,0.47619047619047616
2020-2021,Strasbourg,16,42,0.23809523809523814,0.41647875108412835,1.2894736842105263,1.5263157894736843,0.40476190476190477
2020-2021,Brest,17,41,0.19047619047619047,0.3646441073512252,1.3157894736842106,1.736842105263158,0.6829268292682927
2020-2021,Nantes,18,40,0.1428571428571429,0.42204814673290025,1.236842105263158,1.4473684210526316,0.425
2020-2021,Nimes,19,35,0.09523809523809523,0.24092757114892335,1.0526315789473684,1.868421052631579,0.4
2020-2021,Dijon,20,21,0.04761904761904767,0.10497144776620759,0.6578947368421053,1.9210526315789473,0.42857142857142855
2021-2022,Paris SG,1,86,0.9523809523809523,0.8620689655172413,2.3684210526315788,0.9473684210526315,0.5930232558139535
2021-2022,Marseille,2,71,0.9047619047619048,0.7332348050988361,1.6578947368421053,1.0,0.4507042253521127
2021-2022,Monaco,3,69,0.8571428571428572,0.7253218884120172,1.7105263157894737,1.0526315789473684,0.5797101449275363
2021-2022,Nice,4,67,0.8095238095238095,0.676,1.368421052631579,0.9473684210526315,0.5074626865671642
2021-2022,Rennes,5,66,0.7619047619047619,0.8077847188851514,2.1578947368421053,1.0526315789473684,0.6515151515151515
2021-2022,Strasbourg,6,63,0.7142857142857143,0.6606716828775923,1.5789473684210527,1.131578947368421,0.6031746031746031
2021-2022,Lens,7,62,0.6666666666666667,0.6252439817826936,1.631578947368421,1.263157894736842,0.5483870967741935
2021-2022,Lyon,8,62,0.6190476190476191,0.6261319534282018,1.736842105263158,1.3421052631578947,0.6129032258064516
2021-2022,Lille,9,55,0.5714285714285714,0.5,1.263157894736842,1.263157894736842,0.5272727272727272
2021-2022,Nantes,10,55,0.5238095238095238,0.5676487145805967,1.4473684210526316,1.263157894736842,0.6727272727272727
2021-2022,Brest,11,48,0.47619047619047616,0.4249557522123894,1.2894736842105263,1.5,0.5208333333333334
2021-2022,Reims,12,46,0.4285714285714286,0.4885072655217966,1.131578947368421,1.1578947368421053,0.45652173913043476
2021-2022,Montpellier,13,43,0.38095238095238093,0.3921920940868997,1.2894736842105263,1.605263157894737,0.6046511627906976
2021-2022,Angers,14,41,0.33333333333333337,0.3902439024390244,1.1578947368421053,1.4473684210526316,0.6341463414634146
2021-2022,Troyes,15,38,0.2857142857142857,0.32766874102441357,0.9736842105263158,1.394736842105263,0.5789473684210527
2021-2022,Clermont,16,36,0.23809523809523814,0.23271555197421434,1.0,1.8157894736842106,0.5
2021-2022,Lorient,17,36,0.19047619047619047,0.2358490566037736,0.9210526315789473,1.6578947368421053,0.6666666666666666
2021-2022,St Etienne,18,32,0.1428571428571429,0.22929936305732485,1.105263157894737,2.026315789473684,0.5625
2021-2022,Bordeaux,19,31,0.09523809523809523,0.24615384615384617,1.368421052631579,2.3947368421052633,0.5161290322580645
2021-2022,Metz,20,31,0.04761904761904767,0.20464416972936852,0.9210526315789473,1.8157894736842106,0.5161290322580645
2022-2023,Paris SG,1,85,0.9523809523809523,0.8319504253754858,2.3421052631578947,1.0526315789473684,0.4823529411764706
2022-2023,Lens,2,84,0.9047619047619048,0.8461116193961573,1.7894736842105263,0.7631578947368421,0.6190476190476191
2022-2023,Marseille,3,73,0.8571428571428572,0.7372310724256856,1.763157894736842,1.0526315789473684,0.4657534246575342
2022-2023,Rennes,4,68,0.8095238095238095,0.7578796561604585,1.8157894736842106,1.0263157894736843,0.6617647058823529
2022-2023,Lille,5,67,0.7619047619047619,0.6857652978412595,1.7105263157894737,1.1578947368421053,0.6417910447761194
2022-2023,Monaco,6,65,0.7142857142857143,0.5929332042594385,1.8421052631578947,1.5263157894736843,0.46153846153846156
2022-2023,Lyon,7,62,0.6666666666666667,0.6566677028287224,1.7105263157894737,1.236842105263158,0.5645161290322581
2022-2023,Clermont,8,59,0.6190476190476191,0.45752372345232717,1.1842105263157894,1.2894736842105263,0.5084745762711864
2022-2023,Nice,9,58,0.5714285714285714,0.627280152463926,1.263157894736842,0.9736842105263158,0.4827586206896552
2022-2023,Lorient,10,55,0.5238095238095238,0.4904770542354435,1.368421052631579,1.394736842105263,0.5636363636363636
2022-2023,Reims,11,51,0.47619047619047616,0.5,1.1842105263157894,1.1842105263157894,0.5882352941176471
2022-2023,Montpellier,12,50,0.4285714285714286,0.5236088734663527,1.7105263157894737,1.631578947368421,0.48
2022-2023,Toulouse,13,48,0.38095238095238093,0.44461538461538463,1.3421052631578947,1.5,0.5
2022-2023,Brest,14,44,0.33333333333333337,0.39901071723000825,1.1578947368421053,1.4210526315789473,0.5909090909090909
2022-2023,Strasbourg,15,40,0.2857142857142857,0.4276553765208813,1.3421052631578947,1.5526315789473684,0.55
2022-2023,Nantes,16,36,0.23809523809523814,0.3115612198452435,0.9736842105263158,1.4473684210526316,0.6388888888888888
2022-2023,Auxerre,17,35,0.19047619047619047,0.2358490566037736,0.9210526315789473,1.6578947368421053,0.6285714285714286
2022-2023,Ajaccio,18,26,0.1428571428571429,0.0880932556203164,0.6052631578947368,1.9473684210526316,0.5769230769230769
2022-2023,Troyes,19,24,0.09523809523809523,0.2358490566037736,1.1842105263157894,2.1315789473684212,0.5833333333333334
2022-2023,Angers,20,18,0.04761904761904767,0.1423529411764706,0.868421052631579,2.1315789473684212,0.6666666666666666
2023-2024,Paris SG,1,76,0.9523809523809523,0.8576470588235294,2.3823529411764706,0.9705882352941176,0.4342105263157895
2023-2024,Monaco,2,67,0.9047619047619048,0.7238572323105823,2.0,1.2352941176470589,0.4925373134328358
2023-2024,Brest,3,61,0.8571428571428572,0.7084489281210593,1.5588235294117647,1.0,0.5081967213114754
2023-2024,Lille,4,59,0.8095238095238095,0.7005181347150259,1.5294117647058822,1.0,0.6271186440677966
2023-2024,Nice,5,55,0.7619047619047619,0.6554690700532568,1.1764705882352942,0.8529411764705882,0.5636363636363636
2023-2024,Lyon,6,53,0.7142857142857143,0.44249907851087356,1.4411764705882353,1.6176470588235294,0.4716981132075472
2023-2024,Lens,7,51,0.6666666666666667,0.5966411314083677,1.3235294117647058,1.088235294117647,0.6078431372549019
2023-2024,Marseille,8,50,0.6190476190476191,0.6166476624857469,1.5294117647058822,1.2058823529411764,0.72
2023-2024,Reims,9,47,0.5714285714285714,0.4439969796123836,1.2352941176470589,1.3823529411764706,0.574468085106383
2023-2024,Rennes,10,46,0.5238095238095238,0.5703553299492385,1.5588235294117647,1.3529411764705883,0.5434782608695652
2023-2024,Toulouse,11,43,0.47619047619047616,0.45463917525773195,1.2352941176470589,1.3529411764705883,0.37209302325581395
2023-2024,Montpellier,12,42,0.4285714285714286,0.4452203226583193,1.2647058823529411,1.411764705882353,0.42857142857142855
2023-2024,Strasbourg,13,39,0.38095238095238093,0.3661257606490872,1.1176470588235294,1.4705882352941178,0.6153846153846154
2023-2024,Nantes,14,33,0.33333333333333337,0.22929936305732485,0.8823529411764706,1.6176470588235294,0.36363636363636365
2023-2024,Le Havre,15,32,0.2857142857142857,0.3634077334171644,1.0,1.3235294117647058,0.625
2023-2024,Lorient,16,29,0.23809523809523814,0.29798549556809023,1.2647058823529411,1.9411764705882353,0.5517241379310345
2023-2024,Metz,17,29,0.19047619047619047,0.2669426890390063,1.0294117647058822,1.7058823529411764,0.41379310344827586
2023-2024,Clermont,18,25,0.1428571428571429,0.1580916744621141,0.7647058823529411,1.7647058823529411,0.56
2024-2025,Paris SG,1,84,0.9523809523809523,0.8735679636701414,2.7058823529411766,1.0294117647058822,0.5238095238095238
2024-2025,Marseille,2,65,0.9047619047619048,0.7125569290826285,2.176470588235294,1.3823529411764706,0.5230769230769231
2024-2025,Monaco,3,61,0.8571428571428572,0.7024778761061947,1.8529411764705883,1.2058823529411764,0.639344262295082
2024-2025,Lille,4,60,0.8095238095238095,0.676,1.5294117647058822,1.0588235294117647,0.6166666666666667
2024-2025,Nice,5,60,0.7619047619047619,0.7215504389597482,1.9411764705882353,1.2058823529411764,0.6166666666666667
2024-2025,Lyon,6,57,0.7142857142857143,0.6662986910581927,1.911764705882353,1.3529411764705883,0.6140350877192983
2024-2025,Strasbourg,7,57,0.6666666666666667,0.6182965299684543,1.6470588235294117,1.2941176470588236,0.6140350877192983
2024-2025,Lens,8,52,0.6190476190476191,0.536986301369863,1.2352941176470589,1.1470588235294117,0.4423076923076923
2024-2025,Brest,9,50,0.5714285714285714,0.4371867421180275,1.5294117647058822,1.7352941176470589,0.66
2024-2025,Auxerre,10,42,0.5238095238095238,0.46972477064220186,1.411764705882353,1.5,0.6428571428571429
2024-2025,Toulouse,11,42,0.47619047619047616,0.5114927344782034,1.2941176470588236,1.2647058823529411,0.47619047619047616
2024-2025,Rennes,12,41,0.4285714285714286,0.5099000196039992,1.5,1.4705882352941178,0.6829268292682927
2024-2025,Angers,13,36,0.38095238095238093,0.26715366553613357,0.9411764705882353,1.5588235294117647,0.4722222222222222
2024-2025,Nantes,14,36,0.33333333333333337,0.36,1.1470588235294117,1.5294117647058822,0.5833333333333334
2024-2025,Le Havre,15,34,0.2857142857142857,0.24092757114892335,1.1764705882352942,2.088235294117647,0.3235294117647059
2024-2025,Reims,16,33,0.23809523809523814,0.33020012128562765,0.9705882352941176,1.3823529411764706,0.48484848484848486
2024-2025,St Etienne,17,30,0.19047619047619047,0.20416107382550336,1.1470588235294117,2.264705882352941,0.7
2024-2025,Montpellier,18,16,0.1428571428571429,0.07813884785819793,0.6764705882352942,2.323529411764706,0.8125
2025-2026,Lens,1,37,0.9523809523809523,0.8226652675760755,1.75,0.8125,0.5675675675675675
2025-2026,Paris SG,2,36,0.9047619047619048,0.8620689655172413,2.1875,0.875,0.5277777777777778
2025-2026,Lille,3,32,0.8571428571428572,0.7313633310946944,2.0625,1.25,0.59375
2025-2026,Marseille,4,32,0.8095238095238095,0.8520710059171598,2.25,0.9375,0.625
2025-2026,Lyon,5,27,0.7619047619047619,0.654054054054054,1.375,1.0,0.6666666666666666
2025-2026,Rennes,6,27,0.7142857142857143,0.5586206896551724,1.6875,1.5,0.6296296296296297
2025-2026,Monaco,7,23,0.6666666666666667,0.4811387900355872,1.625,1.6875,0.6956521739130435
2025-2026,Strasbourg,8,23,0.6190476190476191,0.6097560975609756,1.5625,1.25,0.6956521739130435
2025-2026,Toulouse,9,23,0.5714285714285714,0.6147278548559232,1.5,1.1875,0.5217391304347826
2025-2026,Angers,10,22,0.5238095238095238,0.47145187601957583,1.0625,1.125,0.6363636363636364
2025-2026,Brest,11,19,0.47619047619047616,0.3769230769230769,1.3125,1.6875,0.631578947368421
2025-2026,Lorient,12,18,0.4285714285714286,0.31528384279475985,1.1875,1.75,0.8333333333333334
2025-2026,Nice,13,17,0.38095238095238093,0.3003327787021631,1.1875,1.8125,0.7647058823529411
2025-2026,Paris FC,14,16,0.33333333333333337,0.34399375975039004,1.3125,1.8125,0.5
2025-2026,Le Havre,15,15,0.2857142857142857,0.25880551301684535,0.8125,1.375,0.6666666666666666
2025-2026,Auxerre,16,12,0.23809523809523814,0.2387332521315469,0.875,1.5625,0.8333333333333334
2025-2026,Metz,17,11,0.19047619047619047,0.17430639324487335,1.0625,2.3125,0.7272727272727273
2025-2026,Nantes,18,11,0.1428571428571429,0.2,0.875,1.75,0.45454545454545453
